{
  "lang":"id",
  "pipeline":[
    "ner"
  ],
  "spacy_version":">=2.3.5",
  "speed":{
    "nwords":244324,
    "cpu":13453.0911765727,
    "gpu":null
  },
  "accuracy":{
    "ents_f":82.7794094914,
    "ents_p":79.2394199467,
    "ents_r":86.6504854369,
    "ents_per_type":{
      "AFFILIATION":{
        "p":62.4347826087,
        "r":64.9186256781,
        "f":63.6524822695
      },
      "CUECOREF":{
        "p":85.5238095238,
        "r":99.3362831858,
        "f":91.9140225179
      },
      "PERSONCOREF":{
        "p":90.2654867257,
        "r":97.9423868313,
        "f":93.9473684211
      },
      "PERSON":{
        "p":67.8823529412,
        "r":77.1390374332,
        "f":72.2152690864
      },
      "LOCATION":{
        "p":73.0769230769,
        "r":70.3703703704,
        "f":71.6981132075
      },
      "STATEMENT":{
        "p":88.6738351254,
        "r":97.172034564,
        "f":92.7286356822
      },
      "CUE":{
        "p":90.9294512878,
        "r":98.9037758831,
        "f":94.7491248541
      },
      "ISSUE":{
        "p":90.0662251656,
        "r":88.8888888889,
        "f":89.4736842105
      },
      "EVENT":{
        "p":67.9824561404,
        "r":70.7762557078,
        "f":69.3512304251
      },
      "ROLE":{
        "p":60.4166666667,
        "r":67.1814671815,
        "f":63.6197440585
      },
      "DATETIME":{
        "p":78.7878787879,
        "r":93.8144329897,
        "f":85.6470588235
      }
    },
    "token_acc":100.0
  },
  "vectors":{
    "width":0,
    "vectors":0,
    "keys":0,
    "name":"spacy_pretrained_vectors"
  },
  "name":"model0",
  "version":"0.0.0",
  "labels":{
    "ner":[
      "AFFILIATION",
      "CUE",
      "CUECOREF",
      "DATETIME",
      "EVENT",
      "ISSUE",
      "LOCATION",
      "PERSON",
      "PERSONCOREF",
      "ROLE",
      "STATEMENT"
    ]
  }
}